{
	"pages": [ //pages数组中第一项表示应用启动页，参考：https://uniapp.dcloud.io/collocation/pages
	    {
            "path" : "pages/home/home",
            "style" : {
                "navigationBarTitleText": "主页",
                "enablePullDownRefresh": false
            }
        }
        ,{
            "path" : "pages/cate/cate",
            "style" : {
                "navigationBarTitleText": "分类",
                "enablePullDownRefresh": false
            }
        },
        {
            "path" : "pages/cart/cart",
            "style" : {
                "navigationBarTitleText": "购物车",
                "enablePullDownRefresh": false
            }
        },
        {
            "path" : "pages/my/my",
            "style" : {
                "navigationBarTitleText": "我的",
                "enablePullDownRefresh": false
            }
        }
    ],
    "subPackages": [
      {
        "root":"subpkg",
        "pages": [
          {
            "path":"goods_detail/goods_detail"
          },
          {
            "path":"goods_list/index",
            "style" : {
              "navigationBarTitleText": "列表",
              "enablePullDownRefresh": true
              } 
          },
          {
                "path" : "search/search",
                "style" : {
                "navigationBarTitleText": "搜索",
                "enablePullDownRefresh": false
                } 
          }
            ]
      }
    ],
    "tabBar":{
            "selectedColor": "#C00000",
            "list":[
              {
                "pagePath":"pages/home/home",
                "text":"首页",
               "iconPath": "static/tab_icons/home.png", 
               "selectedIconPath": "static/tab_icons/home-active.png"
              },
              {
                "pagePath": "pages/cate/cate",
                "text":"分类",
                "iconPath": "static/tab_icons/cate.png", 
                "selectedIconPath": "static/tab_icons/cate-active.png"
              },
              {
                "pagePath":"pages/cart/cart",
                "text":"购物车",
                "iconPath": "static/tab_icons/cart.png", 
                "selectedIconPath": "static/tab_icons/cart-active.png"
              },
              {
                "pagePath":"pages/my/my",
                "text":"我的",
                "iconPath": "static/tab_icons/my.png", 
                "selectedIconPath": "static/tab_icons/my-active.png"
              }
            ]
    },
	"globalStyle": {
		"navigationBarTextStyle": "white",
		"navigationBarTitleText": "shop",
		"navigationBarBackgroundColor": "#C00000",
		"backgroundColor": "#FFFFFF"
	}
}
